<?xml version="1.0" encoding="utf-8"?>
<feed xmlns="http://www.w3.org/2005/Atom" xmlns:rdf="http://www.w3.org/1999/02/22-rdf-syntax-ns#" xmlns:leap2="http://terms.leapspecs.org/" xmlns:categories="http://wiki.leapspecs.org/2A/categories" xmlns:portfolio="https://2023.qmplus.qmul.ac.uk/portfolio/export/leap2a/27651465/1762529523"><id>https://2023.qmplus.qmul.ac.uk/portfolio/export/leap2a/27651465/1762529523</id><title>Leap2A export from Moodle for Christen Spencer Campbell</title><leap2:version>http://www.leapspecs.org/2010-07/2A/</leap2:version><generator uri="https://2023.qmplus.qmul.ac.uk" version="2022112811">Moodle</generator><author><name>Christen Spencer Campbell</name><email>c.campbell@se23.qmul.ac.uk</email><uri>https://2023.qmplus.qmul.ac.uk/user/view.php?id=27651465</uri></author><entry><id>portfolio:storedfile107027997</id><title>Final Report CW-2 EMS702.pdf</title><updated>2023-12-15T21:48:56+00:00</updated><published>2023-12-15T21:48:48+00:00</published><content/><rdf:type rdf:resource="leap2:resource"/><link rel="leap2:is_part_of" href="portfolio:assign2140993submission_filesgroup"/><link rel="enclosure" href="files/Final Report CW-2 EMS702.pdf" length="709018" type="application/pdf"/><category term="offline" scheme="categories:resource_type#"/></entry><entry><id>portfolio:storedfile107028791</id><title>predict_NN_groupB.zip</title><updated>2023-12-15T21:53:15+00:00</updated><published>2023-12-15T21:52:36+00:00</published><content/><rdf:type rdf:resource="leap2:resource"/><link rel="leap2:is_part_of" href="portfolio:assign2140993submission_filesgroup"/><link rel="enclosure" href="files/predict_NN_groupB.zip" length="63596" type="application/zip"/><category term="offline" scheme="categories:resource_type#"/></entry><entry><id>portfolio:storedfile107031412</id><title>predict_LR_groupB.py</title><updated>2023-12-15T22:12:08+00:00</updated><published>2023-12-15T22:12:05+00:00</published><content/><rdf:type rdf:resource="leap2:resource"/><link rel="leap2:is_part_of" href="portfolio:assign2140993submission_filesgroup"/><link rel="enclosure" href="files/predict_LR_groupB.py" length="9510" type="document/unknown"/><category term="offline" scheme="categories:resource_type#"/></entry><entry><id>portfolio:storedfile107031528</id><title>predict_ANFIS_groupB.py</title><updated>2023-12-15T22:13:31+00:00</updated><published>2023-12-15T22:13:29+00:00</published><content/><rdf:type rdf:resource="leap2:resource"/><link rel="leap2:is_part_of" href="portfolio:assign2140993submission_filesgroup"/><link rel="enclosure" href="files/predict_ANFIS_groupB.py" length="5096" type="document/unknown"/><category term="offline" scheme="categories:resource_type#"/></entry><entry><id>portfolio:assign2140993submission_filesgroup</id><title>Assignment: Coursework 2: Design Project Report on dimension reduction, feature importance and prediction models (25%)</title><content/><rdf:type rdf:resource="leap2:selection"/><link rel="leap2:has_part" href="portfolio:storedfile107027997"/><link rel="leap2:has_part" href="portfolio:storedfile107028791"/><link rel="leap2:has_part" href="portfolio:storedfile107031412"/><link rel="leap2:has_part" href="portfolio:storedfile107031528"/><category term="Folder" scheme="categories:selection_type#"/></entry></feed>
